id;name;description;type;link;status;file_size;created_date;last_modified_date;addendum
1;storyboard ack;before eke;IMAGE;moralise;REVIEW;32479;2025-09-13T23:59:31;2025-09-13T16:40:32;as
2;except;tusk;CODE;vice;DRAFT;11726;2025-09-14T11:43:35;2025-09-14T11:12:49;behind fooey leap
3;critical oof gloat;well-documented;OTHER;scorn whereas blah;DRAFT;6267;2025-09-13T17:16:57;2025-09-14T04:43:49;typewriter analyse against
4;shocked ideal;halt meh;CODE;besides;REVIEW;14327;2025-09-13T22:53:37;2025-09-13T19:05:58;frenetically so properly
5;except where up;loftily;IMAGE;gosh boo;DRAFT;3791;2025-09-14T08:43:25;2025-09-14T10:59:29;instead
6;yum sans stiff;among for fortunately;CODE;whoever;DRAFT;4357;2025-09-14T11:48:45;2025-09-14T11:44:55;before without
7;commercial operating hyena;unless geez consequently;DOCUMENT;hairy lest;FINAL;1783;2025-09-13T21:11:15;2025-09-13T19:15:27;pish ah muscat
8;unless provided monthly;yippee;DOCUMENT;whoever;DRAFT;6226;2025-09-14T12:17:21;2025-09-14T01:39:48;emergent meaningfully
9;reproachfully;who phew winding;DOCUMENT;license intent gut;DRAFT;1667;2025-09-13T21:35:34;2025-09-14T05:56:53;however drat while
10;since worth;for concerning;OTHER;against absolve;DRAFT;12866;2025-09-13T17:25:45;2025-09-13T22:11:59;hm
