id;file_name;date_created;content;content_content_type
4db80ac5-a621-4781-8a93-b4b2214e4c52;mindless though;2025-09-16T13:38:53;../fake-data/blob/hipster.png;image/png
61d9fe31-4022-4cdc-be1b-01a4acd71b94;punctual gadzooks toward;2025-09-16T18:43:48;../fake-data/blob/hipster.png;image/png
d44c6c07-f33b-4a08-8bec-2d5eec676075;engage tenderly yowza;2025-09-16T23:51:54;../fake-data/blob/hipster.png;image/png
9c6259c5-e68e-400b-b66d-197dfea84e6b;until;2025-09-16T08:38:52;../fake-data/blob/hipster.png;image/png
6abe10b5-5f99-4a1f-b0e4-3108bada011d;tightly reconsideration;2025-09-16T11:51:34;../fake-data/blob/hipster.png;image/png
aa1e9ca0-aee2-4cfb-b75f-2c2795e29cb3;disconnection sharply;2025-09-16T04:28:28;../fake-data/blob/hipster.png;image/png
261b3481-730a-4d81-ba0d-157f10d980f5;hastily;2025-09-16T21:10:09;../fake-data/blob/hipster.png;image/png
7dda5c88-d712-464b-9463-bee0934d5cdc;certainly incinerate oof;2025-09-16T12:56:27;../fake-data/blob/hipster.png;image/png
35650795-4be8-4e81-96c8-94d08720285e;during ride nor;2025-09-17T02:26:25;../fake-data/blob/hipster.png;image/png
849f9283-7094-4fe6-bb12-ad6fb8b4e5dd;agitated towards;2025-09-16T17:30:29;../fake-data/blob/hipster.png;image/png
