id;name;description;type;format;status;package_path;package_size;checksum;created_date;last_modified_date;addendum
1;grade rich labourer;inwardly commonly reconstitute;TERRAFORM;TAR_GZ;SUCCESS;rarely apropos if;26608;ah wordy slope;2025-09-13T20:18:44;2025-09-13T22:15:14;athletic which
2;inasmuch yahoo;kissingly;TERRAFORM;DIRECTORY_STRUCTURE;SUCCESS;so psst;18970;whopping sleepily;2025-09-14T05:21:39;2025-09-14T00:35:55;queasily aw list
3;dream;physically psst;TERRAFORM;ZIP_ARCHIVE;IN_PROGRESS;primary ew;12075;after slowly lawmaker;2025-09-13T23:48:26;2025-09-14T10:15:59;metallic jittery of
4;inasmuch;kindheartedly digitize oh;OTHER;CONTAINER_IMAGE;SUCCESS;shaft while after;20163;storyboard platter hopelessly;2025-09-13T17:05:28;2025-09-14T01:18:21;overplay ack
5;lest;gown vastly gosh;SCRIPT_COLLECTION;DIRECTORY_STRUCTURE;IN_PROGRESS;gadzooks;19828;achieve frantically finally;2025-09-14T12:43:32;2025-09-14T08:19:59;coliseum
6;noteworthy well;exhaust;SCRIPT_COLLECTION;SINGLE_FILE;FAILED;naturally when;12859;between whenever;2025-09-14T04:27:47;2025-09-13T15:28:10;eggplant prohibition adult
7;now;yahoo intelligent stunning;TERRAFORM;ZIP_ARCHIVE;SUCCESS;wedge;24132;under boohoo;2025-09-14T06:35:04;2025-09-13T14:43:57;only ew to
8;hmph toe;though until pivot;SCRIPT_COLLECTION;SINGLE_FILE;IN_PROGRESS;intermesh;6864;plump;2025-09-14T12:46:23;2025-09-14T10:59:40;aw pigsty even
9;orX;strategy closely;MIXED_PACKAGE;DIRECTORY_STRUCTURE;IN_PROGRESS;nifty that;19039;anti own;2025-09-14T10:35:15;2025-09-13T21:09:27;frenetically yowza fund
10;presell;awful oddball now;DOCUMENT_BUNDLE;CONTAINER_IMAGE;IN_PROGRESS;before barring circa;32452;in loudly;2025-09-13T22:05:29;2025-09-14T07:50:33;minor except
